,,,,ttfb,ttfb,ttfb,ttfb,ttfb,total_time,total_time,total_time,total_time,total_time,bytes,bytes,bytes,bytes,bytes,throughput,throughput,throughput,throughput,throughput
,,,,mean,std,median,q1,q3,mean,std,median,q1,q3,mean,std,median,q1,q3,mean,std,median,q1,q3
scenario,protocol,test_type,file,,,,,,,,,,,,,,,,,,,,
Packet_Loss,gopher-original,single,1kb.txt,38.76805305480957,,38.76805305480957,38.76805305480957,38.76805305480957,39.24441337585449,,39.24441337585449,39.24441337585449,39.24441337585449,1024.0,,1024.0,1024.0,1024.0,208.74308711262856,,208.74308711262856,208.74308711262856,208.74308711262856
Packet_Loss,gopher-original,single,1mb.txt,45.94135284423828,,45.94135284423828,45.94135284423828,45.94135284423828,11121.536016464232,,11121.536016464232,11121.536016464232,11121.536016464232,1048576.0,,1048576.0,1048576.0,1048576.0,754.2670353790674,,754.2670353790674,754.2670353790674,754.2670353790674
Packet_Loss,http/1.1,single,1kb.txt,85.08968353271484,,85.08968353271484,85.08968353271484,85.08968353271484,85.09516716003418,,85.09516716003418,85.09516716003418,85.09516716003418,1024.0,,1024.0,1024.0,1024.0,96.26868685261196,,96.26868685261196,96.26868685261196,96.26868685261196
Packet_Loss,http/1.1,single,1mb.txt,5.337238311767578,,5.337238311767578,5.337238311767578,5.337238311767578,4654.005765914917,,4654.005765914917,4654.005765914917,4654.005765914917,1048576.0,,1048576.0,1048576.0,1048576.0,1802.4489916700627,,1802.4489916700627,1802.4489916700627,1802.4489916700627
Packet_Loss,http/3,single,1kb.txt,185.15801429748532,,185.15801429748532,185.15801429748532,185.15801429748532,595.7632064819336,,595.7632064819336,595.7632064819336,595.7632064819336,1024.0,,1024.0,1024.0,1024.0,13.750429551322789,,13.750429551322789,13.750429551322789,13.750429551322789
Packet_Loss,http/3,single,1mb.txt,4.774570465087891,,4.774570465087891,4.774570465087891,4.774570465087891,2181.69903755188,,2181.69903755188,2181.69903755188,2181.69903755188,1048576.0,,1048576.0,1048576.0,1048576.0,3844.988632993575,,3844.988632993575,3844.988632993575,3844.988632993575
