,,,,ttfb,ttfb,ttfb,ttfb,ttfb,total_time,total_time,total_time,total_time,total_time,bytes,bytes,bytes,bytes,bytes,throughput,throughput,throughput,throughput,throughput
,,,,mean,std,median,q1,q3,mean,std,median,q1,q3,mean,std,median,q1,q3,mean,std,median,q1,q3
scenario,protocol,test_type,file,,,,,,,,,,,,,,,,,,,,
Packet_Loss,gopher-original,single,1kb.txt,1.8458366394042969,,1.8458366394042969,1.8458366394042969,1.8458366394042969,1.859903335571289,,1.859903335571289,1.859903335571289,1.859903335571289,1024.0,,1024.0,1024.0,1024.0,4404.529979233432,,4404.529979233432,4404.529979233432,4404.529979233432
Packet_Loss,gopher-original,single,1mb.txt,1.196146011352539,,1.196146011352539,1.196146011352539,1.196146011352539,14749.58109855652,,14749.58109855652,14749.58109855652,14749.58109855652,1048576.0,,1048576.0,1048576.0,1048576.0,568.7353385799519,,568.7353385799519,568.7353385799519,568.7353385799519
Packet_Loss,http/1.1,single,1kb.txt,5.807161331176758,,5.807161331176758,5.807161331176758,5.807161331176758,5.810022354125977,,5.810022354125977,5.810022354125977,5.810022354125977,1024.0,,1024.0,1024.0,1024.0,1409.9773633714965,,1409.9773633714965,1409.9773633714965,1409.9773633714965
Packet_Loss,http/1.1,single,1mb.txt,408.0629348754883,,408.0629348754883,408.0629348754883,408.0629348754883,6190.953969955444,,6190.953969955444,6190.953969955444,6190.953969955444,1048576.0,,1048576.0,1048576.0,1048576.0,1354.9782538700367,,1354.9782538700367,1354.9782538700367,1354.9782538700367
Packet_Loss,http/3,single,1kb.txt,4.764080047607422,,4.764080047607422,4.764080047607422,4.764080047607422,158.54811668395996,,158.54811668395996,158.54811668395996,158.54811668395996,1024.0,,1024.0,1024.0,1024.0,51.6688571982815,,51.6688571982815,51.6688571982815,51.6688571982815
Packet_Loss,http/3,single,1mb.txt,2.371072769165039,,2.371072769165039,2.371072769165039,2.371072769165039,523.9310264587402,,523.9310264587402,523.9310264587402,523.9310264587402,1048576.0,,1048576.0,1048576.0,1048576.0,16010.901390396291,,16010.901390396291,16010.901390396291,16010.901390396291
