,,,,ttfb,ttfb,ttfb,ttfb,ttfb,total_time,total_time,total_time,total_time,total_time,bytes,bytes,bytes,bytes,bytes,throughput,throughput,throughput,throughput,throughput
,,,,mean,std,median,q1,q3,mean,std,median,q1,q3,mean,std,median,q1,q3,mean,std,median,q1,q3
scenario,protocol,test_type,file,,,,,,,,,,,,,,,,,,,,
Packet_Loss,gopher-original,single,1mb.txt,846.6885089874268,,846.6885089874268,846.6885089874268,846.6885089874268,6750.249147415161,,6750.249147415161,6750.249147415161,6750.249147415161,1048576.0,,1048576.0,1048576.0,1048576.0,1242.7108713775708,,1242.7108713775708,1242.7108713775708,1242.7108713775708
Packet_Loss,http/1.1,single,1mb.txt,47.84417152404785,,47.84417152404785,47.84417152404785,47.84417152404785,8120.292186737061,,8120.292186737061,8120.292186737061,8120.292186737061,1048576.0,,1048576.0,1048576.0,1048576.0,1033.042630374949,,1033.042630374949,1033.042630374949,1033.042630374949
Packet_Loss,http/3,single,1mb.txt,24.14560317993164,,24.14560317993164,24.14560317993164,24.14560317993164,3778.9368629455566,,3778.9368629455566,3778.9368629455566,3778.9368629455566,1048576.0,,1048576.0,1048576.0,1048576.0,2219.8328006627125,,2219.8328006627125,2219.8328006627125,2219.8328006627125
