,,,,ttfb,ttfb,ttfb,ttfb,ttfb,total_time,total_time,total_time,total_time,total_time,bytes,bytes,bytes,bytes,bytes,throughput,throughput,throughput,throughput,throughput
,,,,mean,std,median,q1,q3,mean,std,median,q1,q3,mean,std,median,q1,q3,mean,std,median,q1,q3
scenario,protocol,test_type,file,,,,,,,,,,,,,,,,,,,,
Baseline,gopher-original,multi,5_files,19.81067657470703,,19.81067657470703,19.81067657470703,19.81067657470703,131.58464431762695,,131.58464431762695,131.58464431762695,131.58464431762695,5120.0,,5120.0,5120.0,5120.0,311.28252245853463,,311.28252245853463,311.28252245853463,311.28252245853463
Baseline,http/1.1,multi,5_files,28.09977531433105,,28.09977531433105,28.09977531433105,28.09977531433105,99.60818290710448,,99.60818290710448,99.60818290710448,99.60818290710448,5120.0,,5120.0,5120.0,5120.0,411.2111957528597,,411.2111957528597,411.2111957528597,411.2111957528597
Baseline,http/3,multi,5_files,22.73750305175781,,22.73750305175781,22.73750305175781,22.73750305175781,326.8153667449951,,326.8153667449951,326.8153667449951,326.8153667449951,5120.0,,5120.0,5120.0,5120.0,125.33070402396328,,125.33070402396328,125.33070402396328,125.33070402396328
