,,,,ttfb,ttfb,ttfb,ttfb,ttfb,total_time,total_time,total_time,total_time,total_time,bytes,bytes,bytes,bytes,bytes,throughput,throughput,throughput,throughput,throughput
,,,,mean,std,median,q1,q3,mean,std,median,q1,q3,mean,std,median,q1,q3,mean,std,median,q1,q3
scenario,protocol,test_type,file,,,,,,,,,,,,,,,,,,,,
Baseline,gopher-original,multi,5_files,26.743650436401367,,26.743650436401367,26.743650436401367,26.743650436401367,116.86158180236816,,116.86158180236816,116.86158180236816,116.86158180236816,5120.0,,5120.0,5120.0,5120.0,350.5001333053149,,350.5001333053149,350.5001333053149,350.5001333053149
Baseline,gopher-original,single,1kb.txt,25.07877349853516,,25.07877349853516,25.07877349853516,25.07877349853516,25.12836456298828,,25.12836456298828,25.12836456298828,25.12836456298828,1024.0,,1024.0,1024.0,1024.0,326.0060948043569,,326.0060948043569,326.0060948043569,326.0060948043569
Baseline,http/1.1,multi,5_files,25.794506072998047,,25.794506072998047,25.794506072998047,25.794506072998047,72.00074195861816,,72.00074195861816,72.00074195861816,72.00074195861816,5120.0,,5120.0,5120.0,5120.0,568.8830265602182,,568.8830265602182,568.8830265602182,568.8830265602182
Baseline,http/1.1,single,1kb.txt,40.74764251708984,,40.74764251708984,40.74764251708984,40.74764251708984,40.75145721435547,,40.75145721435547,40.75145721435547,40.75145721435547,1024.0,,1024.0,1024.0,1024.0,201.0234862746016,,201.0234862746016,201.0234862746016,201.0234862746016
Baseline,http/3,multi,5_files,2.3479461669921875,,2.3479461669921875,2.3479461669921875,2.3479461669921875,168.11776161193848,,168.11776161193848,168.11776161193848,168.11776161193848,5120.0,,5120.0,5120.0,5120.0,243.63874231532316,,243.63874231532316,243.63874231532316,243.63874231532316
Baseline,http/3,single,1kb.txt,23.30303192138672,,23.30303192138672,23.30303192138672,23.30303192138672,228.24358940124512,,228.24358940124512,228.24358940124512,228.24358940124512,1024.0,,1024.0,1024.0,1024.0,35.89147901805347,,35.89147901805347,35.89147901805347,35.89147901805347
